Fold,Epoch,Batch,Training Loss
1,1,20,0.2896105945110321
1,1,40,0.20422908663749695
1,1,60,0.2201632708311081
1,1,80,0.20927691459655762
1,1,100,0.19801774621009827
1,1,120,0.1592409610748291
1,1,140,0.1438622772693634
1,1,160,0.160439595580101
1,1,180,0.11355491727590561
1,1,200,0.07744696736335754
1,1,220,0.09963331371545792
1,1,240,0.14056958258152008
1,1,260,0.1390736848115921
1,1,280,0.08661866933107376
1,1,300,0.09041726589202881
1,1,320,0.09548225998878479
1,1,340,0.08872449398040771
1,1,360,0.1057511568069458
1,1,380,0.07579778879880905
1,1,400,0.07707855105400085
1,1,420,0.11727192997932434
1,1,440,0.08860445767641068
1,1,460,0.08714804798364639
1,1,480,0.09590448439121246
1,1,500,0.07701119780540466
1,1,520,0.08957728743553162
1,1,540,0.08052408695220947
1,1,560,0.0752793699502945
1,1,580,0.08056952804327011
1,1,600,0.04901670664548874
1,1,620,0.06650788336992264
1,1,640,0.06990589201450348
1,1,660,0.09759537130594254
1,1,680,0.07618788629770279
1,1,700,0.06437065452337265
1,1,720,0.059688422828912735
1,1,740,0.0592133067548275
1,1,760,0.058729931712150574
1,1,780,0.06306114792823792
1,1,800,0.08441774547100067
1,1,820,0.06818792223930359
1,1,840,0.07838195562362671
1,1,860,0.061866406351327896
1,1,880,0.04547834023833275
1,1,900,0.06252942979335785
1,1,920,0.10065307468175888
1,1,940,0.06885932385921478
1,1,960,0.06640321016311646
1,1,980,0.06382680684328079
1,1,1000,0.06166703626513481
1,1,1020,0.03293594717979431
1,1,1040,0.040351178497076035
1,1,1060,0.07725907117128372
1,1,1080,0.04879356548190117
1,1,1100,0.029447801411151886
1,1,1120,0.04921604320406914
1,1,1140,0.051625806838274
1,1,1160,0.054551973938941956
1,1,1180,0.036439090967178345
1,1,1200,0.06338183581829071
1,1,1220,0.026816874742507935
1,1,1240,0.0508626326918602
1,1,1260,0.03275025263428688
1,1,1280,0.03926107659935951
1,1,1300,0.030471069738268852
1,1,1320,0.016702938824892044
1,1,1340,0.03743254765868187
1,1,1360,0.032886043190956116
1,1,1380,0.019240664318203926
1,1,1400,0.045222871005535126
1,1,1420,0.017620010301470757
1,1,1440,0.02428661845624447
1,1,1460,0.02990877628326416
1,1,1480,0.019212832674384117
1,1,1500,0.013491913676261902
1,1,1520,0.013466284610331059
1,1,1540,0.024057000875473022
1,1,1560,0.013105030171573162
1,1,1580,0.03315221518278122
1,1,1600,0.037012260407209396
1,1,1620,0.036679595708847046
1,1,1640,0.032090120017528534
1,1,1660,0.009738354943692684
1,1,1680,0.03968114033341408
1,1,1700,0.03133007138967514
1,1,1720,0.03359464555978775
1,1,1740,0.026183458045125008
1,1,1760,0.03217260167002678
1,1,1780,0.03641846403479576
1,1,1800,0.03199702128767967
1,1,1820,0.02510000579059124
1,1,1840,0.017048530280590057
1,1,1860,0.046517323702573776
1,1,1880,0.02725173905491829
1,1,1900,0.03390085697174072
1,1,1920,0.020475346595048904
1,1,1940,0.017668327316641808
1,1,1960,0.012446500360965729
1,2,20,0.08685322850942612
1,2,40,0.013925218023359776
1,2,60,0.012377566657960415
1,2,80,0.005665489938110113
1,2,100,0.011619397439062595
1,2,120,0.012090012431144714
1,2,140,0.01718958653509617
1,2,160,0.012569845654070377
1,2,180,0.013679608702659607
1,2,200,0.014966249465942383
1,2,220,0.025583600625395775
1,2,240,0.006560920272022486
1,2,260,0.00930243544280529
1,2,280,0.029795801267027855
1,2,300,0.020735541358590126
1,2,320,0.010467465035617352
1,2,340,0.01427402626723051
1,2,360,0.019524160772562027
1,2,380,0.014418771490454674
1,2,400,0.03798462077975273
1,2,420,0.02663632296025753
1,2,440,0.012386503629386425
1,2,460,0.030969947576522827
1,2,480,0.01669546775519848
1,2,500,0.013827616348862648
1,2,520,0.015008841641247272
1,2,540,0.006428496912121773
1,2,560,0.015582830645143986
1,2,580,0.011140378192067146
1,2,600,0.02375127002596855
1,2,620,0.01271115057170391
1,2,640,0.02011948451399803
1,2,660,0.008849622681736946
1,2,680,0.0049076140858232975
1,2,700,0.020759064704179764
1,2,720,0.020433027297258377
1,2,740,0.006293677259236574
1,2,760,0.012524783611297607
1,2,780,0.007430297788232565
1,2,800,0.019802631810307503
1,2,820,0.0020035081543028355
1,2,840,0.0018906273180618882
1,2,860,0.010384428314864635
1,2,880,0.002486877841874957
1,2,900,0.009720304980874062
1,2,920,0.034944433718919754
1,2,940,0.014362834393978119
1,2,960,0.00932427030056715
1,2,980,0.007733608596026897
1,2,1000,0.009912949986755848
1,2,1020,0.0015171527629718184
1,2,1040,0.03180616721510887
1,2,1060,0.03135900944471359
1,2,1080,0.01602351665496826
1,2,1100,0.02052527293562889
1,2,1120,0.024220677092671394
1,2,1140,0.007917600683867931
1,2,1160,0.009005878120660782
1,2,1180,0.02092556282877922
1,2,1200,0.006242820061743259
1,2,1220,0.014595190063118935
1,2,1240,0.005221252329647541
1,2,1260,0.15512415766716003
1,2,1280,0.01133462879806757
1,2,1300,0.008245700038969517
1,2,1320,0.023991717025637627
1,2,1340,0.013009105809032917
1,2,1360,0.020292356610298157
1,2,1380,0.10602560639381409
1,2,1400,0.046956129372119904
1,2,1420,0.0066597252152860165
1,2,1440,0.0021385373547673225
1,2,1460,0.005726668518036604
1,2,1480,0.01843683421611786
1,2,1500,0.002559359185397625
1,2,1520,0.003484523855149746
1,2,1540,0.0031642692629247904
1,2,1560,0.004298826679587364
1,2,1580,0.015979887917637825
1,2,1600,0.007706708740442991
1,2,1620,0.008441183716058731
1,2,1640,0.004793928470462561
1,2,1660,0.02538158744573593
1,2,1680,0.001759952399879694
1,2,1700,0.0123844463378191
1,2,1720,0.00363587005995214
1,2,1740,0.012441612780094147
1,2,1760,0.005471041891723871
1,2,1780,0.009499047882854939
1,2,1800,0.008970214985311031
1,2,1820,0.019935280084609985
1,2,1840,0.002280978951603174
1,2,1860,0.0024802025873214006
1,2,1880,0.010686964727938175
1,2,1900,0.0055372766219079494
1,2,1920,0.01247687079012394
1,2,1940,0.0016021409537643194
1,2,1960,0.01703857257962227
1,3,20,0.002165502868592739
1,3,40,0.00846406165510416
1,3,60,0.019829295575618744
1,3,80,0.004972373601049185
1,3,100,0.01253790594637394
1,3,120,0.021684812381863594
1,3,140,0.010714259929955006
1,3,160,0.00475200405344367
1,3,180,0.025236357003450394
1,3,200,0.0027107661589980125
1,3,220,0.025933831930160522
1,3,240,0.01660027541220188
1,3,260,0.018885016441345215
1,3,280,0.008928895927965641
1,3,300,0.0075428723357617855
1,3,320,0.000771833467297256
1,3,340,0.03877454623579979
1,3,360,0.015787966549396515
1,3,380,0.0009007549961097538
1,3,400,0.005388620309531689
1,3,420,0.004977902863174677
1,3,440,0.0013433524873107672
1,3,460,0.002748990897089243
1,3,480,0.00951207336038351
1,3,500,0.007750324904918671
1,3,520,0.006771511863917112
1,3,540,0.0016959916101768613
1,3,560,0.019420228898525238
1,3,580,0.027096707373857498
1,3,600,0.03792450577020645
1,3,620,0.006176436319947243
1,3,640,0.011781524866819382
1,3,660,0.002919830847531557
1,3,680,0.0007503837696276605
1,3,700,0.0035470796283334494
1,3,720,0.0040402598679065704
1,3,740,0.00731133995577693
1,3,760,0.004384427331387997
1,3,780,0.007963957265019417
1,3,800,0.005044302903115749
1,3,820,0.005797098390758038
1,3,840,0.04842222481966019
1,3,860,0.01130521111190319
1,3,880,0.0006991501431912184
1,3,900,0.008663960732519627
1,3,920,0.0025909848045557737
1,3,940,0.0045413244515657425
1,3,960,0.005765027832239866
1,3,980,0.0018074974650517106
1,3,1000,0.003360653994604945
1,3,1020,0.006846100557595491
1,3,1040,0.008190521970391273
1,3,1060,0.009534052573144436
1,3,1080,0.017973100766539574
1,3,1100,0.001001967117190361
1,3,1120,0.0011201330926269293
1,3,1140,0.006415036041289568
1,3,1160,0.0015872217481955886
1,3,1180,0.0181166660040617
1,3,1200,0.001030667801387608
1,3,1220,0.00042776300688274205
1,3,1240,0.0036151097156107426
1,3,1260,0.008916936814785004
1,3,1280,0.004710127599537373
1,3,1300,0.000785775133408606
1,3,1320,0.0003867227351292968
1,3,1340,0.00023565790615975857
1,3,1360,0.022996166720986366
1,3,1380,0.006027212832123041
1,3,1400,0.028483077883720398
1,3,1420,0.0015611328417435288
1,3,1440,0.001841501914896071
1,3,1460,0.00733403954654932
1,3,1480,0.0014537018723785877
1,3,1500,0.014343684539198875
1,3,1520,0.004141307435929775
1,3,1540,0.01837489753961563
1,3,1560,0.01031543593853712
1,3,1580,0.0009501082822680473
1,3,1600,0.00893457978963852
1,3,1620,0.006792466156184673
1,3,1640,0.02265479601919651
1,3,1660,0.0578579418361187
1,3,1680,0.03563451021909714
1,3,1700,0.008441610261797905
1,3,1720,0.01473323442041874
1,3,1740,0.007990473881363869
1,3,1760,0.023746276274323463
1,3,1780,0.002003079280257225
1,3,1800,0.0010177852818742394
1,3,1820,0.020063627511262894
1,3,1840,0.002473331755027175
1,3,1860,0.005756216589361429
1,3,1880,0.004519361536949873
1,3,1900,0.00030550247174687684
1,3,1920,0.0004309202777221799
1,3,1940,0.003443059278652072
1,3,1960,0.0010987388668581843
1,4,20,0.0026256840210407972
1,4,40,0.0012872647494077682
1,4,60,0.007620279677212238
1,4,80,0.0005164470640011132
1,4,100,0.0033670144621282816
1,4,120,0.0021142771001905203
1,4,140,0.00274247326888144
1,4,160,0.007339150179177523
1,4,180,0.013844394125044346
1,4,200,0.0006260116351768374
1,4,220,0.0005737784667871892
1,4,240,0.0012841401621699333
1,4,260,0.00034395369584672153
1,4,280,0.0008347802213393152
1,4,300,0.004401262383908033
1,4,320,0.0014400483341887593
1,4,340,0.0026761081535369158
1,4,360,0.0018167782109230757
1,4,380,0.00908186286687851
1,4,400,0.014796086587011814
1,4,420,0.0035564927384257317
1,4,440,0.00020976360247004777
1,4,460,0.004414205439388752
1,4,480,0.002434126567095518
1,4,500,0.0006670610746368766
1,4,520,0.0022160247899591923
1,4,540,0.002500367583706975
1,4,560,0.0005928949685767293
1,4,580,0.0006142711499705911
1,4,600,0.0011370336869731545
1,4,620,0.012193904258310795
1,4,640,0.00039184969500638545
1,4,660,0.005683972034603357
1,4,680,0.005068387370556593
1,4,700,0.002781359711661935
1,4,720,0.0016939111519604921
1,4,740,0.0008319253101944923
1,4,760,0.012850329279899597
1,4,780,0.011689427308738232
1,4,800,0.014361060224473476
1,4,820,0.0020260103046894073
1,4,840,0.004370164126157761
1,4,860,0.009380334056913853
1,4,880,0.0002062133717117831
1,4,900,0.002705331426113844
1,4,920,0.0033596439752727747
1,4,940,0.002310189651325345
1,4,960,0.024667995050549507
1,4,980,0.002034612465649843
1,4,1000,0.0001878854091046378
1,4,1020,0.012174274772405624
1,4,1040,0.0024316441267728806
1,4,1060,0.0008310744888149202
1,4,1080,0.0001221202255692333
1,4,1100,0.012591290287673473
1,4,1120,0.0057943337596952915
1,4,1140,0.004927514120936394
1,4,1160,0.00803868006914854
1,4,1180,0.0064033824019134045
1,4,1200,0.0001533197209937498
1,4,1220,0.0030356873758137226
1,4,1240,0.0040518068708479404
1,4,1260,0.012675835750997066
1,4,1280,0.009719600901007652
1,4,1300,0.0014800645876675844
1,4,1320,0.0027214812580496073
1,4,1340,0.0003645179676823318
1,4,1360,0.025233911350369453
1,4,1380,0.00331819336861372
1,4,1400,0.008804723620414734
1,4,1420,0.015970300883054733
1,4,1440,0.007617604453116655
1,4,1460,0.004292215220630169
1,4,1480,0.024951552972197533
1,4,1500,0.0035048858262598515
1,4,1520,0.00915594957768917
1,4,1540,0.005658873822540045
1,4,1560,0.006089687347412109
1,4,1580,0.012744469568133354
1,4,1600,0.000587745918892324
1,4,1620,0.006018256768584251
1,4,1640,0.002225524978712201
1,4,1660,0.00018849610933102667
1,4,1680,0.014924086630344391
1,4,1700,0.00014853091852273792
1,4,1720,0.04112325236201286
1,4,1740,0.00557098351418972
1,4,1760,0.012456687167286873
1,4,1780,0.0008798580383881927
1,4,1800,0.0326111875474453
1,4,1820,0.019380729645490646
1,4,1840,0.006770459469407797
1,4,1860,0.01501940842717886
1,4,1880,0.0023684552870690823
1,4,1900,0.002066446701064706
1,4,1920,0.0021359436213970184
1,4,1940,0.00012444774620234966
1,4,1960,0.0018539972370490432
1,5,20,0.00436218548566103
1,5,40,0.0002020434767473489
1,5,60,0.0008086237940005958
1,5,80,0.0020348471589386463
1,5,100,0.013521384447813034
1,5,120,0.0003477871068753302
1,5,140,0.0002963066508527845
1,5,160,0.0038462765514850616
1,5,180,0.017022117972373962
1,5,200,0.0003090600948780775
1,5,220,0.00014860215014778078
1,5,240,0.002862512832507491
1,5,260,8.834725304041058e-05
1,5,280,0.00023618026170879602
1,5,300,0.00020065248827449977
1,5,320,0.0002812075545080006
1,5,340,0.00036480542621575296
1,5,360,0.00013419949391391128
1,5,380,0.0021105713676661253
1,5,400,0.0012932023964822292
1,5,420,0.0007728015771135688
1,5,440,0.0002634408010635525
1,5,460,0.003759975777938962
1,5,480,1.579214949742891e-05
1,5,500,0.0012595746666193008
1,5,520,0.00023385036911349744
1,5,540,0.0051938616670668125
1,5,560,0.00014464584819506854
1,5,580,0.0002907185407821089
1,5,600,0.00016826778301037848
1,5,620,0.004616234451532364
1,5,640,0.014207402244210243
1,5,660,0.0051416014321148396
1,5,680,0.0032770060934126377
1,5,700,0.010449039749801159
1,5,720,8.855660416884348e-05
1,5,740,0.0022063609212636948
1,5,760,0.0008521298295818269
1,5,780,0.007162055466324091
1,5,800,0.006820862181484699
1,5,820,0.0006371144554577768
1,5,840,0.0022335529793053865
1,5,860,0.021514754742383957
1,5,880,0.0005911095649935305
1,5,900,6.28571942797862e-05
1,5,920,0.0062186261638998985
1,5,940,0.007238693069666624
1,5,960,0.022485779598355293
1,5,980,0.005865763872861862
1,5,1000,0.005960173439234495
1,5,1020,0.0009723120019771159
1,5,1040,0.01661214418709278
1,5,1060,0.006445292849093676
1,5,1080,0.00020204423344694078
1,5,1100,0.004107361659407616
1,5,1120,0.00020909833256155252
1,5,1140,0.0027966962661594152
1,5,1160,0.00022809150686953217
1,5,1180,0.0013543192762881517
1,5,1200,0.008322077803313732
1,5,1220,0.002083764411509037
1,5,1240,0.002692929934710264
1,5,1260,0.0011582826264202595
1,5,1280,0.0033911699429154396
1,5,1300,0.0011923483107239008
1,5,1320,0.0007043148507364094
1,5,1340,0.0010862424969673157
1,5,1360,0.01488995086401701
1,5,1380,6.149760883999988e-05
1,5,1400,0.027166759595274925
1,5,1420,5.541722202906385e-05
1,5,1440,0.00037237885408103466
1,5,1460,2.0863133613602258e-05
1,5,1480,0.00043737664236687124
1,5,1500,0.002271353267133236
1,5,1520,0.01428904663771391
1,5,1540,0.004630215000361204
1,5,1560,0.001176319783553481
1,5,1580,0.0005431150202639401
1,5,1600,0.0010260238777846098
1,5,1620,0.0008991351933218539
1,5,1640,0.007232112810015678
1,5,1660,0.00025193748297169805
1,5,1680,0.0021911051589995623
1,5,1700,0.00020484595734160393
1,5,1720,8.333219739142805e-05
1,5,1740,0.0015231020515784621
1,5,1760,0.0003597080649342388
1,5,1780,0.0008785266545601189
1,5,1800,0.0030235990416258574
1,5,1820,0.048153821378946304
1,5,1840,0.0002002230758080259
1,5,1860,0.001131185912527144
1,5,1880,0.00012833533401135355
1,5,1900,0.00306744035333395
1,5,1920,0.0039703138172626495
1,5,1940,0.005849429871886969
1,5,1960,0.0058156149461865425
1,6,20,0.0002925825538113713
1,6,40,0.02515578828752041
1,6,60,0.0003840335994027555
1,6,80,0.0001310880616074428
1,6,100,0.0001310599473072216
1,6,120,0.003914983943104744
1,6,140,0.0035664779134094715
1,6,160,0.0025402430910617113
1,6,180,0.0005900715477764606
1,6,200,0.001261998899281025
1,6,220,0.0010371665703132749
1,6,240,0.001809080014936626
1,6,260,0.0031073419377207756
1,6,280,0.0020599535200744867
1,6,300,0.000374231138266623
1,6,320,0.0055568343959748745
1,6,340,0.00013436772860586643
1,6,360,0.013896905817091465
1,6,380,0.00348570360802114
1,6,400,0.0015164174837991595
1,6,420,0.0002961494028568268
1,6,440,0.0011725310469046235
1,6,460,0.00012704812979791313
1,6,480,0.0014773913426324725
1,6,500,8.173609239747748e-05
1,6,520,0.0005782166845165193
1,6,540,0.00013297534314915538
1,6,560,5.3563231631414965e-05
1,6,580,0.004406134597957134
1,6,600,0.0004207523597870022
1,6,620,0.0006679849466308951
1,6,640,0.009951664134860039
1,6,660,0.0014804372331127524
1,6,680,0.00035621505230665207
1,6,700,0.004014484118670225
1,6,720,0.00023191241780295968
1,6,740,0.002517150482162833
1,6,760,0.0002290222473675385
1,6,780,3.562373240129091e-05
1,6,800,0.0003946421784348786
1,6,820,0.005786117631942034
1,6,840,0.00022228313900996
1,6,860,0.002878765808418393
1,6,880,0.0004956702468916774
1,6,900,0.030931144952774048
1,6,920,0.007334382738918066
1,6,940,0.0007829716196283698
1,6,960,0.0009651173604652286
1,6,980,0.0018326712306588888
1,6,1000,0.0003231409646105021
1,6,1020,0.00272045168094337
1,6,1040,0.0002879562380257994
1,6,1060,0.000473411608254537
1,6,1080,7.004245708230883e-05
1,6,1100,0.002018227009102702
1,6,1120,0.0035680567380040884
1,6,1140,0.005659305956214666
1,6,1160,0.0034071230329573154
1,6,1180,0.0005205043125897646
1,6,1200,0.00013680956908501685
1,6,1220,0.0003120659093838185
1,6,1240,6.105376814957708e-05
1,6,1260,6.32608134765178e-05
1,6,1280,0.004388720262795687
1,6,1300,3.3239870390389115e-05
1,6,1320,0.0005765326786786318
1,6,1340,0.0007378304726444185
1,6,1360,0.0023595686070621014
1,6,1380,0.0008538782713003457
1,6,1400,0.00016592808242421597
1,6,1420,0.004853782709687948
1,6,1440,0.004773127846419811
1,6,1460,0.0031587930861860514
1,6,1480,0.00069803447695449
1,6,1500,7.261397695401683e-05
1,6,1520,0.010444384068250656
1,6,1540,0.00033044529845938087
1,6,1560,0.0009861935395747423
1,6,1580,0.00021517444110941142
1,6,1600,0.010529711842536926
1,6,1620,0.00618407316505909
1,6,1640,0.00671039754524827
1,6,1660,0.0006371592753566802
1,6,1680,5.406779746408574e-05
1,6,1700,0.0009029284701682627
1,6,1720,0.0034429230727255344
1,6,1740,0.0005732221761718392
1,6,1760,0.0008730801055207849
1,6,1780,0.0014949135947972536
1,6,1800,0.0013339030556380749
1,6,1820,0.0004912475706078112
1,6,1840,0.0023677542340010405
1,6,1860,0.0002865326532628387
1,6,1880,0.0022113255690783262
1,6,1900,0.000768813828472048
1,6,1920,0.00012509975931607187
1,6,1940,4.2186162318103015e-05
1,6,1960,3.2345524232368916e-05
1,7,20,0.0014949877513572574
1,7,40,3.115473373327404e-05
1,7,60,6.042288805474527e-05
1,7,80,0.00011025185813196003
1,7,100,0.00034997615148313344
1,7,120,3.286827268311754e-05
1,7,140,0.00016119210340548307
1,7,160,0.00011271828407188877
1,7,180,0.007572747766971588
1,7,200,7.303644815692678e-05
1,7,220,0.000504424562677741
1,7,240,0.0038920724764466286
1,7,260,0.000988911953754723
1,7,280,0.0030330377630889416
1,7,300,0.012303465977311134
1,7,320,0.014904760755598545
1,7,340,0.0009443862945772707
1,7,360,0.0003202573279850185
1,7,380,0.002870626514777541
1,7,400,0.00937954057008028
1,7,420,0.008481910452246666
1,7,440,0.004958464298397303
1,7,460,8.948593313107267e-05
1,7,480,0.006139218807220459
1,7,500,0.00012124006752856076
1,7,520,0.009838693775236607
1,7,540,0.01007779035717249
1,7,560,0.006834462750703096
1,7,580,0.0007881839410401881
1,7,600,0.003091117599979043
1,7,620,0.0048066722229123116
1,7,640,0.030364586040377617
1,7,660,0.0013029583496972919
1,7,680,0.01017798576503992
1,7,700,9.722665708977729e-05
1,7,720,0.00020803400548174977
1,7,740,0.00012745487038046122
1,7,760,1.803624036256224e-05
1,7,780,0.0001019381161313504
1,7,800,0.0007742287125438452
1,7,820,0.0008765854290686548
1,7,840,0.0007283859886229038
1,7,860,0.00027944447356276214
1,7,880,0.0006568017415702343
1,7,900,0.00011968426406383514
1,7,920,0.03258699178695679
1,7,940,0.006007792428135872
1,7,960,0.0014910445315763354
1,7,980,5.898333256482147e-05
1,7,1000,4.724903192254715e-05
1,7,1020,8.919442916521803e-05
1,7,1040,6.000305438647047e-05
1,7,1060,0.0008479015668854117
1,7,1080,0.0032630206551402807
1,7,1100,0.019131695851683617
1,7,1120,0.0003641954099293798
1,7,1140,0.00508790323510766
1,7,1160,9.535979916108772e-05
1,7,1180,0.00908669177442789
1,7,1200,3.519510937621817e-05
1,7,1220,0.005241531413048506
1,7,1240,0.009496468119323254
1,7,1260,0.0008404746185988188
1,7,1280,0.000833854777738452
1,7,1300,0.0006135206785984337
1,7,1320,2.4199074687203392e-05
1,7,1340,0.0006051402888260782
1,7,1360,0.01919626258313656
1,7,1380,0.00046152673894539475
1,7,1400,0.00013430818216875196
1,7,1420,0.0001433535508112982
1,7,1440,0.00033858753158710897
1,7,1460,0.0005013240734115243
1,7,1480,4.9854872486321256e-05
1,7,1500,0.0030903285369277
1,7,1520,0.00016991845041047782
1,7,1540,0.0029482438694685698
1,7,1560,1.7667085558059625e-05
1,7,1580,0.002536018146201968
1,7,1600,7.486858521588147e-05
1,7,1620,9.375338413519785e-05
1,7,1640,7.500101492041722e-05
1,7,1660,1.5218187400023453e-05
1,7,1680,0.00018823416030500084
1,7,1700,0.012345198541879654
1,7,1720,0.000534233171492815
1,7,1740,0.00011345504026394337
1,7,1760,0.008908698335289955
1,7,1780,0.0030628067906945944
1,7,1800,6.112027767812833e-05
1,7,1820,3.169341880493448e-06
1,7,1840,0.0005192430107854307
1,7,1860,1.832989255490247e-05
1,7,1880,0.001305289682932198
1,7,1900,0.009834479540586472
1,7,1920,7.981595990713686e-05
1,7,1940,0.0062323748134076595
1,7,1960,0.009016991592943668
1,8,20,0.009490626864135265
1,8,40,0.0010197802912443876
1,8,60,0.0005155441467650235
1,8,80,0.0001406287628924474
1,8,100,0.0035853118170052767
1,8,120,0.00044066316331736743
1,8,140,0.0001753882970660925
1,8,160,0.0022889242973178625
1,8,180,0.001147984410636127
1,8,200,0.0018624382792040706
1,8,220,0.02698889747262001
1,8,240,2.6073972549056634e-05
1,8,260,0.007506940048187971
1,8,280,0.00265038525685668
1,8,300,0.001369604840874672
1,8,320,0.0030270416755229235
1,8,340,0.00010700517304940149
1,8,360,0.0026355322916060686
1,8,380,0.0028455592691898346
1,8,400,0.017184551805257797
1,8,420,0.00039746248512528837
1,8,440,0.017197877168655396
1,8,460,0.00857406947761774
1,8,480,0.0006529994425363839
1,8,500,0.0003605261736083776
1,8,520,5.234117998043075e-05
1,8,540,5.790307477582246e-05
1,8,560,0.001084809424355626
1,8,580,0.005190802272409201
1,8,600,0.0012459722347557545
1,8,620,6.854590992588783e-06
1,8,640,5.711061749025248e-05
1,8,660,0.004188976250588894
1,8,680,0.0011275392025709152
1,8,700,0.0005166280898265541
1,8,720,0.0001086982520064339
1,8,740,4.694952076533809e-05
1,8,760,0.0033796897623687983
1,8,780,0.0004347487702034414
1,8,800,0.000880250649061054
1,8,820,0.00014606461627408862
1,8,840,0.0011465228162705898
1,8,860,0.0031151899602264166
1,8,880,0.001781023689545691
1,8,900,1.0898110303969588e-05
1,8,920,0.0026208541821688414
1,8,940,0.0010812609689310193
1,8,960,1.7413431123713963e-05
1,8,980,0.002037592465057969
1,8,1000,0.0006308346055448055
1,8,1020,0.00020916067296639085
1,8,1040,8.103436266537756e-05
1,8,1060,4.517965135164559e-05
1,8,1080,0.00014129823830444366
1,8,1100,4.737629205919802e-05
1,8,1120,0.0005450565367937088
1,8,1140,4.069035639986396e-05
1,8,1160,0.00815855897963047
1,8,1180,0.0001607696176506579
1,8,1200,0.0019315574318170547
1,8,1220,0.003270711749792099
1,8,1240,0.0003207320114597678
1,8,1260,0.001501785241998732
1,8,1280,1.6565096530030132e-06
1,8,1300,0.0012022634036839008
1,8,1320,1.2838877410104033e-05
1,8,1340,0.00838197860866785
1,8,1360,0.00638097058981657
1,8,1380,0.05155530571937561
1,8,1400,0.00023138665710575879
1,8,1420,0.0022923762444406748
1,8,1440,0.0014104712754487991
1,8,1460,0.0017104141879826784
1,8,1480,0.009755471721291542
1,8,1500,0.0005883663543500006
1,8,1520,0.002743728458881378
1,8,1540,0.00019021891057491302
1,8,1560,0.0009817947866395116
1,8,1580,0.003910926636308432
1,8,1600,0.00011563263251446187
1,8,1620,0.0006789338658563793
1,8,1640,5.755910387961194e-05
1,8,1660,0.0008852194878272712
1,8,1680,3.53738505509682e-05
1,8,1700,0.00013110373402014375
1,8,1720,0.0004258145345374942
1,8,1740,0.003265390871092677
1,8,1760,3.4779666748363525e-05
1,8,1780,0.0002309515984961763
1,8,1800,0.0006858835695311427
1,8,1820,1.4937994819774758e-05
1,8,1840,0.0003441203443799168
1,8,1860,5.288250031298958e-05
1,8,1880,0.0004416510055307299
1,8,1900,0.0003971271507907659
1,8,1920,0.0004095520416740328
1,8,1940,0.0028413899708539248
1,8,1960,0.019697992131114006
1,9,20,0.0035442356020212173
1,9,40,0.0004639891558326781
1,9,60,4.8241399781545624e-05
1,9,80,0.0010541820665821433
1,9,100,1.4204448234522715e-05
1,9,120,4.060847004438983e-06
1,9,140,5.5272093959501944e-06
1,9,160,6.314789970929269e-06
1,9,180,2.7873336875927635e-05
1,9,200,7.540174556197599e-05
1,9,220,2.1297224520822056e-05
1,9,240,2.959764242405072e-05
1,9,260,0.00010062323417514563
1,9,280,3.487754293018952e-05
1,9,300,3.458055653027259e-05
1,9,320,0.004480609204620123
1,9,340,0.0015642271609976888
1,9,360,0.0032798454631119967
1,9,380,0.00141247792635113
1,9,400,3.093563282163814e-05
1,9,420,0.0003314143978059292
1,9,440,1.1352401088515762e-05
1,9,460,4.475811874726787e-05
1,9,480,4.2210205720039085e-05
1,9,500,4.766954589285888e-05
1,9,520,0.00013349743676371872
1,9,540,1.5577084923279472e-05
1,9,560,0.00415988452732563
1,9,580,0.0004287951160222292
1,9,600,9.536730431136675e-06
1,9,620,3.514629497658461e-05
1,9,640,0.0010268541518598795
1,9,660,7.866628584451973e-05
1,9,680,0.0005249478272162378
1,9,700,0.004595557227730751
1,9,720,2.195504384872038e-05
1,9,740,0.0007697058608755469
1,9,760,0.0019568607676774263
1,9,780,6.159351323731244e-05
1,9,800,0.0011281545739620924
1,9,820,0.00045140666770748794
1,9,840,7.598636875627562e-05
1,9,860,0.003129590768367052
1,9,880,7.319308497244492e-05
1,9,900,0.0027274324093014
1,9,920,0.0005024007405154407
1,9,940,0.0036170794628560543
1,9,960,0.0005559478886425495
1,9,980,0.021001923829317093
1,9,1000,5.713358859793516e-06
1,9,1020,0.00013894520816393197
1,9,1040,5.84342978982022e-06
1,9,1060,3.829627166851424e-05
1,9,1080,3.23287931678351e-05
1,9,1100,0.0008577838889323175
1,9,1120,0.0001889669511001557
1,9,1140,1.4928590644558426e-05
1,9,1160,0.0001270539069082588
1,9,1180,0.00020115233201067895
1,9,1200,4.7692069529148284e-06
1,9,1220,0.0025524257216602564
1,9,1240,9.182279609376565e-05
1,9,1260,8.636736311018467e-06
1,9,1280,6.130100518930703e-05
1,9,1300,1.018492639559554e-05
1,9,1320,0.0018385006114840508
1,9,1340,0.006920055020600557
1,9,1360,0.00037921094917692244
1,9,1380,7.272360380738974e-05
1,9,1400,0.0007559916703030467
1,9,1420,0.0018926189513877034
1,9,1440,0.0012441336875781417
1,9,1460,0.0003729933814611286
1,9,1480,0.00022870102839078754
1,9,1500,0.00013604348350781947
1,9,1520,0.0006570604746229947
1,9,1540,2.4886037863325328e-05
1,9,1560,0.004153328016400337
1,9,1580,0.0007158638909459114
1,9,1600,0.003530459012836218
1,9,1620,9.601595957065001e-05
1,9,1640,0.0002136167895514518
1,9,1660,1.2138601732658572e-06
1,9,1680,0.0009919207077473402
1,9,1700,3.742497938219458e-05
1,9,1720,0.00010990344890160486
1,9,1740,5.408516153693199e-05
1,9,1760,0.0028573425952345133
1,9,1780,0.007609738036990166
1,9,1800,0.0026567161548882723
1,9,1820,1.5113206245587207e-05
1,9,1840,9.918362047756091e-05
1,9,1860,0.00014947967429179698
1,9,1880,0.00016283740114886314
1,9,1900,4.3220370571361855e-06
1,9,1920,0.008155790157616138
1,9,1940,0.0015468583442270756
1,9,1960,0.0019256678642705083
1,10,20,3.497335274005309e-05
1,10,40,0.00027378220693208277
1,10,60,2.3708164007985033e-05
1,10,80,0.0029336418956518173
1,10,100,0.0015901842853054404
1,10,120,3.190565621480346e-05
1,10,140,0.007110895123332739
1,10,160,1.622667332412675e-05
1,10,180,0.0015325365820899606
1,10,200,0.0015087422216311097
1,10,220,1.53874989337055e-05
1,10,240,5.151285949978046e-05
1,10,260,6.441507866838947e-05
1,10,280,0.0008703655330464244
1,10,300,9.826730092754588e-05
1,10,320,0.0006781855481676757
1,10,340,0.00012783285637851804
1,10,360,0.0062459660694003105
1,10,380,0.0009259138023480773
1,10,400,0.002282131928950548
1,10,420,0.0001413422723999247
1,10,440,1.2211553439556155e-05
1,10,460,0.003528000321239233
1,10,480,0.001657342305406928
1,10,500,1.478509875596501e-05
1,10,520,6.129409302957356e-05
1,10,540,7.891082350397483e-05
1,10,560,3.456519334577024e-05
1,10,580,1.946780139405746e-05
1,10,600,6.170222332002595e-05
1,10,620,0.0026580197736620903
1,10,640,0.0007587447762489319
1,10,660,0.00016429969400633126
1,10,680,7.283744707820006e-06
1,10,700,1.1613561582635157e-05
1,10,720,0.00010783110337797552
1,10,740,4.088072819286026e-05
1,10,760,0.0010870913974940777
1,10,780,6.061830390535761e-06
1,10,800,0.0001391146215610206
1,10,820,0.00029938158695586026
1,10,840,0.0001665762101765722
1,10,860,0.00013342562306206673
1,10,880,3.8996840885374695e-05
1,10,900,0.00015163220814429224
1,10,920,1.7070349713321775e-05
1,10,940,1.883985987660708e-06
1,10,960,0.00011935927614104003
1,10,980,0.0007888786494731903
1,10,1000,0.0016260530101135373
1,10,1020,0.0002575170074123889
1,10,1040,4.077977791894227e-06
1,10,1060,3.4637762382772053e-06
1,10,1080,3.1977494927559746e-06
1,10,1100,3.639159785961965e-06
1,10,1120,0.00017537854728288949
1,10,1140,7.148414624680299e-06
1,10,1160,6.992577255005017e-05
1,10,1180,0.008094721473753452
1,10,1200,0.002073371084406972
1,10,1220,0.0034012289252132177
1,10,1240,0.00016913097351789474
1,10,1260,2.5558971174177714e-05
1,10,1280,0.0010317714186385274
1,10,1300,0.0030474665109068155
1,10,1320,1.5661205907235853e-05
1,10,1340,0.001892965054139495
1,10,1360,1.5124526726140175e-05
1,10,1380,0.007451750338077545
1,10,1400,0.0022347262129187584
1,10,1420,1.541040910524316e-05
1,10,1440,0.0026164150331169367
1,10,1460,7.812414878571872e-06
1,10,1480,0.005035042762756348
1,10,1500,0.005058640148490667
1,10,1520,0.00012012143270112574
1,10,1540,5.5210607570188586e-06
1,10,1560,5.634326589643024e-05
1,10,1580,0.006547822616994381
1,10,1600,0.0036159767769277096
1,10,1620,0.0012661523651331663
1,10,1640,0.00016286948812194169
1,10,1660,0.003287942847236991
1,10,1680,0.0005521191051229835
1,10,1700,0.0032567682210355997
1,10,1720,6.36980912531726e-05
1,10,1740,0.001548088388517499
1,10,1760,0.0002626331988722086
1,10,1780,0.00791593175381422
1,10,1800,6.290786404861137e-05
1,10,1820,6.376035162247717e-05
1,10,1840,0.0013577184872701764
1,10,1860,0.0015370246255770326
1,10,1880,3.6660872865468264e-05
1,10,1900,0.001658578054048121
1,10,1920,0.005271118134260178
1,10,1940,0.0005036213551647961
1,10,1960,0.0075491853058338165
1,11,20,5.675012289430015e-05
1,11,40,0.0004634213401004672
1,11,60,0.0007462208741344512
1,11,80,8.01435235189274e-05
1,11,100,0.00034935251460410655
1,11,120,0.0002512752544134855
1,11,140,1.4893178104102844e-06
1,11,160,0.0054268911480903625
1,11,180,0.00011957142123719677
1,11,200,0.0010687492322176695
1,11,220,9.043822501553223e-06
1,11,240,0.0018532662652432919
1,11,260,0.00010453008871991187
1,11,280,0.0062027364037930965
1,11,300,7.042432116577402e-05
1,11,320,0.008279988542199135
1,11,340,2.0407112970133312e-05
1,11,360,0.00019423097546678036
1,11,380,4.199191971565597e-05
1,11,400,4.922669904772192e-05
1,11,420,6.264298281166703e-05
1,11,440,7.643864705642045e-07
1,11,460,0.00010401443432783708
1,11,480,0.00010883648064918816
1,11,500,7.922972872620448e-05
1,11,520,1.824512037273962e-05
1,11,540,0.004518337547779083
1,11,560,4.920814262732165e-06
1,11,580,2.1164600184420124e-05
1,11,600,1.1614754839683883e-05
1,11,620,3.0762148526264355e-05
1,11,640,0.0006255054613575339
1,11,660,1.1962968528678175e-05
1,11,680,2.5584578907000832e-05
1,11,700,1.0395341632829513e-05
1,11,720,0.0001511917362222448
1,11,740,0.00951097346842289
1,11,760,3.2500277029612334e-06
1,11,780,0.002745577832683921
1,11,800,2.98798545372847e-06
1,11,820,0.00020401677465997636
1,11,840,0.00044954221812076867
1,11,860,4.3463051042635925e-06
1,11,880,0.013153673149645329
1,11,900,1.2196016541565768e-05
1,11,920,8.278602035716176e-05
1,11,940,1.0653569916030392e-05
1,11,960,3.96018640458351e-06
1,11,980,0.00011686009383993223
1,11,1000,0.0013241944834589958
1,11,1020,9.607374522602186e-06
1,11,1040,0.002228250028565526
1,11,1060,0.003334809560328722
1,11,1080,0.0046104914508759975
1,11,1100,0.0004941825172863901
1,11,1120,1.4210867448127829e-05
1,11,1140,4.646895831683651e-06
1,11,1160,0.00034833239624276757
1,11,1180,6.40705184196122e-06
1,11,1200,7.325507795030717e-06
1,11,1220,0.0018871106440201402
1,11,1240,3.862291123368777e-06
1,11,1260,9.430295904166996e-05
1,11,1280,1.8405196897219867e-05
1,11,1300,0.00044043821981176734
1,11,1320,0.00010175424540648237
1,11,1340,0.0006833214429207146
1,11,1360,0.0011510602198541164
1,11,1380,0.007354069035500288
1,11,1400,0.0023947611916810274
1,11,1420,0.0006036422564648092
1,11,1440,0.00018023695156443864
1,11,1460,0.002690032357349992
1,11,1480,2.012087861658074e-05
1,11,1500,4.487633304961491e-06
1,11,1520,0.00033121719025075436
1,11,1540,0.014278633520007133
1,11,1560,0.00043894065311178565
1,11,1580,0.004429756663739681
1,11,1600,0.001079544541426003
1,11,1620,0.0072996062226593494
1,11,1640,0.0006830703932791948
1,11,1660,0.0051436396315693855
1,11,1680,0.00012846103345509619
1,11,1700,0.0003789551556110382
1,11,1720,1.160525789600797e-05
1,11,1740,0.00038469035644084215
1,11,1760,0.0006639332859776914
1,11,1780,1.2363759196887258e-05
1,11,1800,1.7782291251933202e-05
1,11,1820,0.0016781672602519393
1,11,1840,7.144694791350048e-06
1,11,1860,1.7982994904741645e-05
1,11,1880,0.00020886980928480625
1,11,1900,0.00018294283654540777
1,11,1920,0.0032707564532756805
1,11,1940,1.2858225090894848e-05
1,11,1960,1.8535818526288494e-05
1,12,20,1.0393019692855887e-05
1,12,40,6.781553111068206e-06
1,12,60,4.953757888870314e-05
1,12,80,3.8909663999220356e-05
1,12,100,0.00010391495743533596
1,12,120,8.154082024702802e-06
1,12,140,5.27639604115393e-05
1,12,160,0.00012837903341278434
1,12,180,1.9561184672056697e-06
1,12,200,0.00045176735147833824
1,12,220,7.430411642417312e-06
1,12,240,1.7157302863779478e-05
1,12,260,0.0010148148285225034
1,12,280,1.97257782019733e-06
1,12,300,5.382686504162848e-05
1,12,320,1.3517345678337733e-06
1,12,340,0.0020024243276566267
1,12,360,0.013350702822208405
1,12,380,4.619941319106147e-05
1,12,400,1.0128439498657826e-05
1,12,420,1.9614584743976593e-05
1,12,440,5.590692126133945e-06
1,12,460,0.00461250264197588
1,12,480,0.00021769438171759248
1,12,500,7.275203097378835e-05
1,12,520,6.623516128456686e-06
1,12,540,0.0003744935675058514
1,12,560,9.303024125983939e-05
1,12,580,0.001560172182507813
1,12,600,0.001063489937223494
1,12,620,0.08682767301797867
1,12,640,3.6597288271877915e-05
1,12,660,7.511986950703431e-06
1,12,680,0.00018148086383007467
1,12,700,6.024872618581867e-06
1,12,720,8.96467190614203e-06
1,12,740,1.6616973880445585e-05
1,12,760,3.8807127566542476e-05
1,12,780,0.0020309011451900005
1,12,800,3.966779695474543e-05
1,12,820,0.00043802507570944726
1,12,840,0.000214012514334172
1,12,860,0.0010394749697297812
1,12,880,1.0489392252566176e-06
1,12,900,8.0372832599096e-05
1,12,920,2.059702637779992e-05
1,12,940,0.0001693709782557562
1,12,960,7.54418142605573e-05
1,12,980,0.00014785565144848078
1,12,1000,0.0023062494583427906
1,12,1020,2.5606746021367144e-06
1,12,1040,0.00032966959406621754
1,12,1060,0.0023003120440989733
1,12,1080,2.1174423636693973e-06
1,12,1100,0.0002894474600907415
1,12,1120,0.013834655284881592
1,12,1140,1.160993633675389e-05
1,12,1160,1.824519472393149e-06
1,12,1180,0.0008422102546319366
1,12,1200,0.00020710677199531347
1,12,1220,0.0007933262968435884
1,12,1240,3.7644080293830484e-05
1,12,1260,1.8761313640425215e-06
1,12,1280,0.0016734517412260175
1,12,1300,3.281096724094823e-06
1,12,1320,0.0006226845434866846
1,12,1340,8.99668739293702e-05
1,12,1360,2.1000452761654742e-05
1,12,1380,0.0018522772006690502
1,12,1400,0.00230313534848392
1,12,1420,1.0212451343249995e-05
1,12,1440,0.0005464994465000927
1,12,1460,0.0001776759745553136
1,12,1480,0.00010665089939720929
1,12,1500,0.006536489352583885
1,12,1520,0.00015680090291425586
1,12,1540,1.9558930944185704e-05
1,12,1560,1.792777652553923e-06
1,12,1580,0.00012805535516235977
1,12,1600,7.333113899221644e-05
1,12,1620,4.9371836212230846e-05
1,12,1640,0.0025306318420916796
1,12,1660,1.272783902095398e-05
1,12,1680,0.004107269924134016
1,12,1700,3.243458763790841e-07
1,12,1720,2.9842244657629635e-06
1,12,1740,0.0034502793569117785
1,12,1760,0.0049934484995901585
1,12,1780,0.0003872542001772672
1,12,1800,3.111596015514806e-06
1,12,1820,1.5996297406672966e-06
1,12,1840,0.0017990129999816418
1,12,1860,0.0001571044558659196
1,12,1880,3.4744527965813177e-07
1,12,1900,3.0710587452631444e-05
1,12,1920,8.552210783818737e-05
1,12,1940,0.004291345365345478
1,12,1960,6.592048066522693e-06
1,13,20,0.0017458562506362796
1,13,40,8.33227823022753e-05
1,13,60,1.2543154298327863e-05
1,13,80,0.00030656045419164
1,13,100,2.114040626111091e-06
1,13,120,1.0643634595908225e-05
1,13,140,1.0127006362381508e-06
1,13,160,0.00017707028018776327
1,13,180,7.011759862507461e-06
1,13,200,5.8515885029919446e-05
1,13,220,1.3633847629535012e-05
1,13,240,0.015974335372447968
1,13,260,0.006112466566264629
1,13,280,1.540546577416535e-06
1,13,300,0.01345071941614151
1,13,320,0.00315806339494884
1,13,340,3.640976729002432e-06
1,13,360,1.6056715139711741e-06
1,13,380,3.5941404348704964e-05
1,13,400,0.0015302329557016492
1,13,420,0.00016553756722714752
1,13,440,0.00036473938962444663
1,13,460,8.178158168448135e-05
1,13,480,0.002527570817619562
1,13,500,5.4636270760966e-06
1,13,520,3.351757550262846e-05
1,13,540,8.00729867478367e-06
1,13,560,0.001471804454922676
1,13,580,0.002160232048481703
1,13,600,1.569748201291077e-05
1,13,620,0.001056658336892724
1,13,640,3.363530777278356e-05
1,13,660,0.001518651144579053
1,13,680,0.00063037354266271
1,13,700,0.0004148172156419605
1,13,720,1.9703270481841173e-06
1,13,740,1.2886082004115451e-05
1,13,760,2.816382789205818e-07
1,13,780,0.00026710148085840046
1,13,800,0.002912798197939992
1,13,820,3.584349906304851e-05
1,13,840,1.6802943719085306e-05
1,13,860,3.1674131605541334e-05
1,13,880,1.1058449672418647e-05
1,13,900,0.01127429585903883
1,13,920,6.360637053148821e-05
1,13,940,0.0005030055763199925
1,13,960,6.4649584601284005e-06
1,13,980,2.8986689812882105e-06
1,13,1000,6.741289689671248e-05
1,13,1020,0.00030571635579690337
1,13,1040,0.004104793071746826
1,13,1060,7.849410508242727e-07
1,13,1080,0.007916871458292007
1,13,1100,4.254188752383925e-05
1,13,1120,2.7026704628951848e-05
1,13,1140,0.00014914642088115215
1,13,1160,4.003007688879734e-06
1,13,1180,0.00019551946024876088
1,13,1200,7.243488653330132e-06
1,13,1220,0.006967283319681883
1,13,1240,4.573905243887566e-06
1,13,1260,0.0030388368759304285
1,13,1280,0.00111132871825248
1,13,1300,0.012678160332143307
1,13,1320,0.0023205236066132784
1,13,1340,0.0013795670820400119
1,13,1360,0.03821224719285965
1,13,1380,0.0006896320846863091
1,13,1400,0.007029344327747822
1,13,1420,1.2618583241419401e-05
1,13,1440,0.00013381842290982604
1,13,1460,0.002026291098445654
1,13,1480,0.0002543431182857603
1,13,1500,1.6638550732750446e-05
1,13,1520,0.0003340728871989995
1,13,1540,3.424642636673525e-05
1,13,1560,9.89590603239776e-07
1,13,1580,0.0007702438160777092
1,13,1600,6.227357971511083e-06
1,13,1620,0.0001221215061377734
1,13,1640,0.011506561189889908
1,13,1660,1.1860755876114126e-05
1,13,1680,0.00017246711649931967
1,13,1700,6.939991180843208e-06
1,13,1720,2.5987559638451785e-05
1,13,1740,0.008703751489520073
1,13,1760,1.4804283637204207e-05
1,13,1780,2.57903730016551e-06
1,13,1800,1.2942522516823374e-05
1,13,1820,0.002301987959071994
1,13,1840,1.2632683592528338e-06
1,13,1860,0.0017843369860202074
1,13,1880,3.0609626264777035e-05
1,13,1900,2.6617286494001746e-05
1,13,1920,2.004086309170816e-05
1,13,1940,6.438493437599391e-05
1,13,1960,0.0013799985172227025
